<?xml version="1.0" encoding="UTF-8" ?>
<!DOCTYPE mapper PUBLIC "-//mybatis.org//DTD Mapper 3.0//EN" "http://mybatis.org/dtd/mybatis-3-mapper.dtd">
<mapper namespace="moyomoyoe.reservation.model.dao.ReservationMapper">

    <!-- Store 테이블에 대한 결과 매핑 -->
    <resultMap id="storeMap" type="moyomoyoe.reservation.model.dto.StoreDTO">
        <id property="storeId" column="store_id"/>
        <result property="storeName" column="store_name"/>
        <result property="storeAddress" column="store_address"/>
        <result property="storeSort" column="store_sort"/>
        <result property="imageId" column="image_id"/>
    </resultMap>

    <!-- Schedule 테이블에 대한 결과 매핑 -->
    <resultMap id="scheduleMap" type="moyomoyoe.reservation.model.dto.ScheduleDTO">
        <id property="scheduleId" column="schedule_id"/>
        <result property="storeId" column="store_id"/>
        <result property="startTime" column="start_time"/>
        <result property="endTime" column="end_time"/>
        <result property="capacity" column="capacity"/>
    </resultMap>

    <!-- Reservation 테이블에 대한 결과 매핑 -->
    <resultMap id="reservationMap" type="moyomoyoe.reservation.model.dto.ReservationDTO">
        <id property="resId" column="res_id"/>
        <result property="userIdRes" column="user_id_res"/>
        <result property="customerNum" column="customer_num"/>
        <result property="scheduleId" column="schedule_id"/>
        <result property="resDate" column="res_date"/>
        <result property="userNameRes" column="user_name_res"/> <!-- 추가 필요 -->
    </resultMap>

    <!-- StoreList 조회 -->
    <select id="getAllStores" resultMap="storeMap">
        SELECT *
        FROM tbl_store
    </select>

    <!-- Store ID로 Store 조회 -->
    <select id="getStoreById" parameterType="int" resultMap="storeMap">
        SELECT *
        FROM tbl_store
        WHERE store_id = #{storeId}
    </select>

    <!-- 예약된 시간 조회 -->
    <select id="getReservedTimes" parameterType="map" resultType="string">
        SELECT CONCAT(start_time, ' - ', end_time)
        FROM tbl_schedule
        WHERE store_id = #{storeId}
          AND DATE(start_time) = #{date}
    </select>

    <!-- 모든 예약된 일정 가져오기 -->
    <select id="getAllReservations" resultMap="scheduleMap">
        SELECT s.schedule_id, s.store_id, s.start_time, s.end_time, s.capacity
        FROM tbl_schedule s
    </select>

    <!-- 스케줄 ID로 스케줄 상세 조회 -->
    <select id="getScheduleById" parameterType="int" resultMap="scheduleMap">
        SELECT s.schedule_id, s.store_id, s.start_time, s.end_time, s.capacity
        FROM tbl_schedule s
        WHERE s.schedule_id = #{scheduleId}
    </select>

    <!-- 특정 매장의 일정 조회 -->
    <select id="getSchedulesByStoreId" parameterType="int" resultMap="scheduleMap">
        SELECT schedule_id, store_id, start_time, end_time, capacity
        FROM tbl_schedule
        WHERE store_id = #{storeId}
    </select>

    <!-- tbl_reservation 테이블에 데이터 삽입 -->
    <insert id="insertReservation" parameterType="moyomoyoe.reservation.model.dto.ReservationDTO">
        INSERT INTO tbl_reservation (user_id_res, customer_num, schedule_id, res_date)
        VALUES (#{userIdRes}, #{customerNum}, #{scheduleId}, #{resDate});
    </insert>

    <!-- 사용자 존재 여부 확인 -->
    <select id="existsUserById" parameterType="int" resultType="boolean">
        SELECT COUNT(*) > 0
        FROM tbl_user
        WHERE id = #{userId}
    </select>

    <!-- 특정 스케줄 존재 여부 확인 -->
    <select id="scheduleExists" parameterType="map" resultType="boolean">
        SELECT COUNT(*) > 0
        FROM tbl_schedule
        WHERE schedule_id = #{scheduleId}
          AND store_id = #{storeId}
    </select>

    <!-- 사용자별 예약 정보 조회 -->
    <select id="getUserReservations" parameterType="int" resultMap="reservationMap">
        SELECT res_id, user_id_res, res_date, customer_num, schedule_id
        FROM tbl_reservation
        WHERE user_id_res = #{userId}
        ORDER BY res_date DESC
    </select>

    <!-- 사용자별 예약한 시간 조회 -->
    <select id="getUserReservationsWithSchedule" parameterType="int" resultMap="reservationMap">
        SELECT r.res_id,
               r.user_id_res,
               r.res_date,
               r.customer_num,
               r.schedule_id,
               TIME_FORMAT(sch.start_time, '%H:%i') as start_time,
               TIME_FORMAT(sch.end_time, '%H:%i') as end_time
        FROM tbl_reservation r
                 JOIN tbl_schedule sch ON r.schedule_id = sch.schedule_id
        WHERE r.user_id_res = #{userId}
        ORDER BY r.res_date DESC
    </select>

    <!-- 예약 정보와 상점 정보를 조인해서 상세 조회 -->
    <select id="getReservationDetailWithStore" parameterType="int" resultType="map">
        SELECT r.res_id,
               r.user_id_res,
               r.res_date,
               r.customer_num,
               r.schedule_id,
               sch.start_time,
               sch.end_time,
               s.store_name,
               s.store_sort,
               s.store_address
        FROM tbl_reservation r
                 JOIN tbl_schedule sch ON r.schedule_id = sch.schedule_id
                 JOIN tbl_store s ON sch.store_id = s.store_id
        WHERE r.res_id = #{resId}
    </select>

    <!-- 사업장별 예약 현황 조회 -->
    <select id="getReservationsByStore" parameterType="int" resultType="map">
        SELECT r.res_id, r.user_id_res, r.res_date, r.customer_num, r.schedule_id, u.username AS user_name_res
        FROM tbl_reservation r
                 JOIN tbl_schedule sch ON r.schedule_id = sch.schedule_id
                 JOIN tbl_user u ON r.user_id_res = u.id
        WHERE sch.store_id = #{storeId}
        ORDER BY r.res_date ASC
    </select>

    <!-- 사업장별 예약 목록 조회 (중복 제거 후 하나만 남김) -->
    <select id="getReservationsByStoreId" parameterType="int" resultMap="reservationMap">
        SELECT r.res_id, r.user_id_res, r.res_date, r.customer_num, r.schedule_id
        FROM tbl_reservation r
                 JOIN tbl_schedule sch ON r.schedule_id = sch.schedule_id
        WHERE sch.store_id = #{storeId}
        ORDER BY r.res_date DESC
    </select>

    <!-- 사용자 ID로 Store ID 조회 -->
    <select id="getStoreIdByUserId" parameterType="int" resultType="int">
        SELECT store_id
        FROM tbl_store
        WHERE id = #{userId}
    </select>

    <!-- 예약 취소 쿼리 -->
    <delete id="deleteReservation" parameterType="int">
        DELETE
        FROM tbl_reservation
        WHERE res_id = #{resId}
    </delete>

    <!-- 이미지 조회 -->
    <select id="getImageId" parameterType="string" resultType="int">
        SELECT image_id
        FROM tbl_image
        WHERE image_name = #{imageName}
    </select>

    <!-- 이미지 가져오기 -->
    <select id="getImageById" parameterType="int" resultType="string">
        SELECT image_name
        FROM tbl_image
        WHERE image_id = #{id}
    </select>

    <!-- 매장 ID를 이용해 이미지 ID 조회 -->
    <select id="getImageIdByStoreId" parameterType="int" resultType="int">
        SELECT image_id_store
        FROM tbl_store
        WHERE store_id = #{storeId}
    </select>

</mapper>